投诉编号,投诉品牌,投诉车系,投诉车型,问题简述_链接,问题简述,典型问题_链接,典型问题,典型问题_链接1,典型问题2,典型问题_链接3,典型问题4,投诉时间,投诉状态
513402,吉利汽车,帝豪GS,2016款 1.3T 自动 领尚型 优雅版,http://www.12365auto.com/zlts/20200824/513402.shtml,吉利帝豪GS低速时变速箱顿挫 油耗高,http://www.12365auto.com/zlts/172-1915-0-0-0-1_0-0-0-0-0-0-0-1.shtml,发动机,http://www.12365auto.com/zlts/172-1915-0-0-0-0_85-0-0-0-0-0-0-1.shtml,油耗高,http://www.12365auto.com/zlts/172-1915-0-0-0-0_19-0-0-0-0-0-0-1.shtml,顿挫,2020-08-24,信息审核
513400,东风标致,标致5008,2017款 350THP 精英版 7座,http://www.12365auto.com/zlts/20200824/513400.shtml,东风标致5008转向异响4S店维修后未解决,http://www.12365auto.com/zlts/130-2102-0-0-0-4_0-0-0-0-0-0-0-1.shtml,转向系统,http://www.12365auto.com/zlts/130-2102-0-0-0-0_59-0-0-0-0-0-0-1.shtml,异响,http://www.12365auto.com/zlts/130-2102-0-0-0-0_0-2-0-0-0-0-0-1.shtml,人员技术,2020-08-24,信息审核
513397,奇瑞汽车,瑞虎7,2016款 1.5T 手动 电商版,http://www.12365auto.com/zlts/20200824/513397.shtml,奇瑞瑞虎7离合器不回弹导致无法挂挡,http://www.12365auto.com/zlts/219-1973-0-0-0-3_0-0-0-0-0-0-0-1.shtml,离合器,http://www.12365auto.com/zlts/219-1973-0-0-0-0_267-0-0-0-0-0-0-1.shtml,离合器失效,,,2020-08-24,信息审核
513396,一汽-大众,探岳,2019款 330TSI 两驱 豪华型 国V,http://www.12365auto.com/zlts/20200824/513396.shtml,一汽大众探岳大灯透镜出现裂纹亮度不足,http://www.12365auto.com/zlts/141-2395-0-0-0-8_0-0-0-0-0-0-0-1.shtml,车身附件及电器,http://www.12365auto.com/zlts/141-2395-0-0-0-0_82-0-0-0-0-0-0-1.shtml,车灯不亮,http://www.12365auto.com/zlts/141-2395-0-0-0-0_220-0-0-0-0-0-0-1.shtml,灯罩裂纹或变形,2020-08-24,信息审核
513395,中兴汽车,领主,2016款 2.5T 两驱 豪华型JE4D25E,http://www.12365auto.com/zlts/20200824/513395.shtml,中兴领主三元催化器破损厂家拒绝索赔,http://www.12365auto.com/zlts/265-1986-0-0-0-8_0-0-0-0-0-0-0-1.shtml,车身附件及电器,http://www.12365auto.com/zlts/265-1986-0-0-0-0_54-0-0-0-0-0-0-1.shtml,三元催化器故障,http://www.12365auto.com/zlts/265-1986-0-0-0-0_0-0-0-0-1-0-0-1.shtml,其他,2020-08-24,信息审核
513392,一汽丰田,皇冠,2015款 2.0T 时尚版,http://www.12365auto.com/zlts/20200824/513392.shtml,一汽丰田皇冠方向盘掉皮希望处理	,http://www.12365auto.com/zlts/150-287-0-0-0-8_0-0-0-0-0-0-0-1.shtml,车身附件及电器,http://www.12365auto.com/zlts/150-287-0-0-0-0_168-0-0-0-0-0-0-1.shtml,部件开裂,,,2020-08-24,信息审核
513389,广汽本田,锋范经典,2012款 1.5L 手动 舒适版,http://www.12365auto.com/zlts/20200824/513389.shtml,广汽本田锋范发动机仓内部件生锈要求解决,http://www.12365auto.com/zlts/118-29-0-0-0-8_0-0-0-0-0-0-0-1.shtml,车身附件及电器,http://www.12365auto.com/zlts/118-29-0-0-0-0_79-0-0-0-0-0-0-1.shtml,车身生锈,,,2020-08-24,信息审核
513387,领克汽车,领克01,2017款 2.0T 自动 两驱 型 Pro,http://www.12365auto.com/zlts/20200824/513387.shtml,领克01天窗漏水导致电路故障希望处理,http://www.12365auto.com/zlts/467-2212-0-0-0-8_0-0-0-0-0-0-0-1.shtml,车身附件及电器,http://www.12365auto.com/zlts/467-2212-0-0-0-0_90-0-0-0-0-0-0-1.shtml,天窗漏水,,,2020-08-24,信息审核
513384,上汽大众,凌渡,2015款 280TSI 手动 舒适版,http://www.12365auto.com/zlts/20200824/513384.shtml,上汽大众凌渡车内异味严重希望处理,http://www.12365auto.com/zlts/140-1554-0-0-0-8_0-0-0-0-0-0-0-1.shtml,车身附件及电器,http://www.12365auto.com/zlts/140-1554-0-0-0-0_185-0-0-0-0-0-0-1.shtml,车内异味,,,2020-08-24,信息审核
513379,长安马自达,马自达3 昂克赛拉,2020款 2.0L 自动 质雅版,http://www.12365auto.com/zlts/20200824/513379.shtml,长安马自达昂克赛拉转向沉重4S店不予解决,http://www.12365auto.com/zlts/208-1470-0-0-0-4_0-0-0-0-0-0-0-1.shtml,转向系统,http://www.12365auto.com/zlts/208-1470-0-0-0-0_156-0-0-0-0-0-0-1.shtml,打方向沉重,http://www.12365auto.com/zlts/208-1470-0-0-0-0_0-1-0-0-0-0-0-1.shtml,服务态度,2020-08-24,信息审核
513376,吉利汽车,帝豪GL,2017款 1.8L 自动 精英型,http://www.12365auto.com/zlts/20200824/513376.shtml,吉利帝豪GL下雨时两前车门开启困难,http://www.12365auto.com/zlts/172-1974-0-0-0-8_0-0-0-0-0-0-0-1.shtml,车身附件及电器,http://www.12365auto.com/zlts/172-1974-0-0-0-0_149-0-0-0-0-0-0-1.shtml,车门故障,,,2020-08-24,信息审核
513371,大众（进口）,Passat,2011款 2.0T 舒适型 旅行版,http://www.12365auto.com/zlts/20200824/513371.shtml,进口大众Passat半轴异响4S店不予保修,http://www.12365auto.com/zlts/142-1763-0-0-0-7_0-0-0-0-0-0-0-1.shtml,前后桥及悬挂系统,http://www.12365auto.com/zlts/142-1763-0-0-0-0_227-0-0-0-0-0-0-1.shtml,半轴脱落,http://www.12365auto.com/zlts/142-1763-0-0-0-0_0-1-0-0-0-0-0-1.shtml,服务态度,2020-08-24,信息审核
513369,长安马自达,马自达3 昂克赛拉,2017款 1.5L 自动 豪华型 三厢 国V,http://www.12365auto.com/zlts/20200824/513369.shtml,长安马自达昂克赛拉行驶中发动机抖动,http://www.12365auto.com/zlts/208-1470-0-0-0-1_0-0-0-0-0-0-0-1.shtml,发动机,http://www.12365auto.com/zlts/208-1470-0-0-0-0_24-0-0-0-0-0-0-1.shtml,抖动,,,2020-08-24,信息审核
513367,东风悦达起亚,KX3傲跑,2020款 1.5L CVT 智慧版,http://www.12365auto.com/zlts/20200824/513367.shtml,东风悦达起亚KX3傲跑中控屏死机中控台异响,http://www.12365auto.com/zlts/223-1579-0-0-0-8_0-0-0-0-0-0-0-1.shtml,车身附件及电器,http://www.12365auto.com/zlts/223-1579-0-0-0-0_134-0-0-0-0-0-0-1.shtml,影音系统故障,http://www.12365auto.com/zlts/223-1579-0-0-0-0_93-0-0-0-0-0-0-1.shtml,中控台异响,2020-08-24,信息审核
513366,上汽大众,凌渡,2019款 280TSI DSG 豪华版 国V,http://www.12365auto.com/zlts/20200824/513366.shtml,上汽大众凌渡变速箱升挡时异响严重	,http://www.12365auto.com/zlts/140-1554-0-0-0-2_0-0-0-0-0-0-0-1.shtml,变速器,http://www.12365auto.com/zlts/140-1554-0-0-0-0_33-0-0-0-0-0-0-1.shtml,异响,,,2020-08-24,信息审核
513363,吉利汽车,帝豪GL,2017款 1.8L 自动 精英型,http://www.12365auto.com/zlts/20200824/513363.shtml,吉利帝豪GL下雨天车门无法开启希望处理,http://www.12365auto.com/zlts/172-1974-0-0-0-8_0-0-0-0-0-0-0-1.shtml,车身附件及电器,http://www.12365auto.com/zlts/172-1974-0-0-0-0_149-0-0-0-0-0-0-1.shtml,车门故障,,,2020-08-24,信息审核
513361,上汽大众,朗逸,2018款 1.5L 自动 风尚版 经典 国VI,http://www.12365auto.com/zlts/20200824/513361.shtml,上汽大众朗逸熄火后油箱位置异响严重,http://www.12365auto.com/zlts/140-220-0-0-0-8_0-0-0-0-0-0-0-1.shtml,车身附件及电器,http://www.12365auto.com/zlts/140-220-0-0-0-0_147-0-0-0-0-0-0-1.shtml,汽油箱异响,http://www.12365auto.com/zlts/140-220-0-0-0-0_0-1-0-0-0-0-0-1.shtml,服务态度,2020-08-24,信息审核
513357,长城汽车,哈弗H6 Coupe,2016款 1.5T 自动 两驱精英型,http://www.12365auto.com/zlts/20200824/513357.shtml,哈弗H6 Coupe电子系统故障多项功能失灵,http://www.12365auto.com/zlts/388-1610-0-0-0-8_0-0-0-0-0-0-0-1.shtml,车身附件及电器,http://www.12365auto.com/zlts/388-1610-0-0-0-0_110-0-0-0-0-0-0-1.shtml,电路故障,,,2020-08-24,信息审核
513350,奇瑞汽车,艾瑞泽5,2016款 1.5L CVT 领锐版,http://www.12365auto.com/zlts/20200824/513350.shtml,奇瑞艾瑞泽5行驶中天窗自动开启无法关闭,http://www.12365auto.com/zlts/219-1885-0-0-0-8_0-0-0-0-0-0-0-1.shtml,车身附件及电器,http://www.12365auto.com/zlts/219-1885-0-0-0-0_89-0-0-0-0-0-0-1.shtml,天窗异响,http://www.12365auto.com/zlts/219-1885-0-0-0-0_192-0-0-0-0-0-0-1.shtml,天窗开关异常,2020-08-24,信息审核
513348,东风标致,标致3008,2013款 1.6T 自动 THP至尚版,http://www.12365auto.com/zlts/20200824/513348.shtml,东风标致3008进气系统故障发动机故障灯亮,http://www.12365auto.com/zlts/130-1228-0-0-0-1_0-0-0-0-0-0-0-1.shtml,发动机,http://www.12365auto.com/zlts/130-1228-0-0-0-0_34-0-0-0-0-0-0-1.shtml,故障灯亮,,,2020-08-24,信息审核
513346,东风标致,标致408,2016款 1.6T 自动 豪华版,http://www.12365auto.com/zlts/20200824/513346.shtml,东风标致408方向盘按键有掉皮的现象,http://www.12365auto.com/zlts/130-125-0-0-0-8_0-0-0-0-0-0-0-1.shtml,车身附件及电器,http://www.12365auto.com/zlts/130-125-0-0-0-0_168-0-0-0-0-0-0-1.shtml,部件开裂,,,2020-08-24,信息审核
513338,华晨宝马,宝马3系,2020款 325Li M运动曜夜套装,http://www.12365auto.com/zlts/20200824/513338.shtml,华晨宝马3系发动机热量管理模块故障,http://www.12365auto.com/zlts/125-86-0-0-0-1_0-0-0-0-0-0-0-1.shtml,发动机,http://www.12365auto.com/zlts/125-86-0-0-0-0_191-0-0-0-0-0-0-1.shtml,冷却系统故障,http://www.12365auto.com/zlts/125-86-0-0-0-0_0-4-0-0-0-0-0-1.shtml,承诺不兑现,2020-08-24,信息审核
513330,上汽大众,凌渡,2019款 280TSI DSG 舒适版 国VI,http://www.12365auto.com/zlts/20200824/513330.shtml,上汽大众凌渡发动机爆震 变速箱顿挫有异响,http://www.12365auto.com/zlts/140-1554-0-0-0-1_0-0-0-0-0-0-0-1.shtml,发动机,http://www.12365auto.com/zlts/140-1554-0-0-0-0_18-0-0-0-0-0-0-1.shtml,爆震,http://www.12365auto.com/zlts/140-1554-0-0-0-0_33-0-0-0-0-0-0-1.shtml,异响,2020-08-24,信息审核
513324,吉利汽车,帝豪GL,2017款 1.8L 自动 精英型,http://www.12365auto.com/zlts/20200824/513324.shtml,吉利帝豪GL仪表盘玻璃外罩开裂质量差,http://www.12365auto.com/zlts/172-1974-0-0-0-8_0-0-0-0-0-0-0-1.shtml,车身附件及电器,http://www.12365auto.com/zlts/172-1974-0-0-0-0_168-0-0-0-0-0-0-1.shtml,部件开裂,,,2020-08-24,信息审核
513323,华晨宝马,宝马3系,2020款 325Li 首发版,http://www.12365auto.com/zlts/20200824/513323.shtml,华晨宝马3系左后尾灯出现裂纹厂家拒绝保修,http://www.12365auto.com/zlts/125-86-0-0-0-8_0-0-0-0-0-0-0-1.shtml,车身附件及电器,http://www.12365auto.com/zlts/125-86-0-0-0-0_220-0-0-0-0-0-0-1.shtml,灯罩裂纹或变形,http://www.12365auto.com/zlts/125-86-0-0-0-0_0-1-0-0-0-0-0-1.shtml,服务态度,2020-08-24,信息审核
513318,广汽丰田,汉兰达,2018款 2.0T 四驱 至尊版 7座 国VI,http://www.12365auto.com/zlts/20200824/513318.shtml,广汽丰田汉兰达变速箱 方向盘及刹车异响,http://www.12365auto.com/zlts/151-297-0-0-0-2_0-0-0-0-0-0-0-1.shtml,变速器,http://www.12365auto.com/zlts/151-297-0-0-0-0_33-0-0-0-0-0-0-1.shtml,异响,http://www.12365auto.com/zlts/151-297-0-0-0-0_59-0-0-0-0-0-0-1.shtml,异响,2020-08-24,信息审核
513317,DS汽车,DS 5LS,2014款 1.6T 自动 豪华版 THP200,http://www.12365auto.com/zlts/20200824/513317.shtml,长安标致雪铁龙DS 5LS事故车维修没有配件 ,,,http://www.12365auto.com/zlts/347-1418-0-0-0-0_0-6-0-0-0-0-0-1.shtml,配件争议,,,2020-08-24,信息审核
513310,一汽-大众奥迪,奥迪Q5,2013款 40 TFSI 自动 技术型,http://www.12365auto.com/zlts/20200824/513310.shtml,一汽大众奥迪Q5车内有异味影响身体健康,http://www.12365auto.com/zlts/114-2-0-0-0-8_0-0-0-0-0-0-0-1.shtml,车身附件及电器,http://www.12365auto.com/zlts/114-2-0-0-0-0_185-0-0-0-0-0-0-1.shtml,车内异味,,,2020-08-24,信息审核
513308,上汽大众,朗逸,2017款 1.6L 手动 风尚版,http://www.12365auto.com/zlts/20200824/513308.shtml,上汽大众朗逸变速箱异响倒挡无法解除,http://www.12365auto.com/zlts/140-220-0-0-0-2_0-0-0-0-0-0-0-1.shtml,变速器,http://www.12365auto.com/zlts/140-220-0-0-0-0_33-0-0-0-0-0-0-1.shtml,异响,http://www.12365auto.com/zlts/140-220-0-0-0-0_20-0-0-0-0-0-0-1.shtml,无法换挡,2020-08-24,信息审核
513307,领克汽车,领克01,2017款 2.0T 双离合 四驱 劲Pro,http://www.12365auto.com/zlts/20200824/513307.shtml,领克01四个轮毂有不同程度氧化的现象,http://www.12365auto.com/zlts/467-2212-0-0-0-8_0-0-0-0-0-0-0-1.shtml,车身附件及电器,http://www.12365auto.com/zlts/467-2212-0-0-0-0_243-0-0-0-0-0-0-1.shtml,轮毂问题,,,2020-08-24,处理反馈
513303,比亚迪,比亚迪S7,2015款 2.0T 自动 豪华型,http://www.12365auto.com/zlts/20200824/513303.shtml,比亚迪S7因偶发性漏水导致异响抖动,http://www.12365auto.com/zlts/123-1517-0-0-0-8_0-0-0-0-0-0-0-1.shtml,车身附件及电器,http://www.12365auto.com/zlts/123-1517-0-0-0-0_109-0-0-0-0-0-0-1.shtml,车身漏水,,,2020-08-24,厂家受理
513302,长安汽车,锐程CC,2020款 1.5T 自动 潮锐型,http://www.12365auto.com/zlts/20200824/513302.shtml,长安锐程CC车门多处生锈 气囊故障灯亮,http://www.12365auto.com/zlts/136-2688-0-0-0-8_0-0-0-0-0-0-0-1.shtml,车身附件及电器,http://www.12365auto.com/zlts/136-2688-0-0-0-0_79-0-0-0-0-0-0-1.shtml,车身生锈,http://www.12365auto.com/zlts/136-2688-0-0-0-0_103-0-0-0-0-0-0-1.shtml,气囊故障,2020-08-24,信息审核
513301,奇瑞汽车,瑞虎3x,2017款 1.5L 自动 时尚版,http://www.12365auto.com/zlts/20200824/513301.shtml,奇瑞瑞虎3x行驶过程中发动机突然熄火,http://www.12365auto.com/zlts/219-1996-0-0-0-1_0-0-0-0-0-0-0-1.shtml,发动机,http://www.12365auto.com/zlts/219-1996-0-0-0-0_14-0-0-0-0-0-0-1.shtml,熄火,,,2020-08-24,信息审核
513297,一汽-大众,速腾,2015款 230TSI  手动 豪华型,http://www.12365auto.com/zlts/20200824/513297.shtml,一汽大众速腾电网控制单元出现故障,http://www.12365auto.com/zlts/141-230-0-0-0-8_0-0-0-0-0-0-0-1.shtml,车身附件及电器,http://www.12365auto.com/zlts/141-230-0-0-0-0_110-0-0-0-0-0-0-1.shtml,电路故障,,,2020-08-24,信息审核
513294,上汽通用五菱,新宝骏RM-5,2019款 1.5T CVT 24小时在线 尊贵型 6座,http://www.12365auto.com/zlts/20200824/513294.shtml,新宝骏RM-5变速箱挂挡顿挫严重 车机死机,http://www.12365auto.com/zlts/592-2636-0-0-0-2_0-0-0-0-0-0-0-1.shtml,变速器,http://www.12365auto.com/zlts/592-2636-0-0-0-0_19-0-0-0-0-0-0-1.shtml,顿挫,http://www.12365auto.com/zlts/592-2636-0-0-0-0_115-0-0-0-0-0-0-1.shtml,电脑板故障,2020-08-24,处理反馈
513290,一汽-大众,高尔夫,2019款 200TSI DSG 舒适进取版 国VI,http://www.12365auto.com/zlts/20200824/513290.shtml,一汽大众高尔夫预定与所提车型年款不同,,,http://www.12365auto.com/zlts/141-234-0-0-0-0_0-5-0-0-0-0-0-1.shtml,销售欺诈,,,2020-08-24,信息审核
513288,奔驰（进口）,奔驰GLE,2016款 320 4MATIC 动感型,http://www.12365auto.com/zlts/20200824/513288.shtml,进口奔驰GLE行驶中车顶配件掉落要求处理,http://www.12365auto.com/zlts/126-1689-0-0-0-8_0-0-0-0-0-0-0-1.shtml,车身附件及电器,http://www.12365auto.com/zlts/126-1689-0-0-0-0_179-0-0-0-0-0-0-1.shtml,车身装饰脱落,,,2020-08-24,信息审核
513287,上汽通用五菱,五菱宏光,2013款 1.5L 舒适型L2B,http://www.12365auto.com/zlts/20200824/513287.shtml,上汽通用五菱宏光车身生锈车漆起泡脱落,http://www.12365auto.com/zlts/247-784-0-0-0-8_0-0-0-0-0-0-0-1.shtml,车身附件及电器,http://www.12365auto.com/zlts/247-784-0-0-0-0_79-0-0-0-0-0-0-1.shtml,车身生锈,http://www.12365auto.com/zlts/247-784-0-0-0-0_81-0-0-0-0-0-0-1.shtml,漆面起泡开裂,2020-08-24,处理反馈
513286,东风雪铁龙,世嘉,2016款 1.6L 手动 品尚型 经典,http://www.12365auto.com/zlts/20200824/513286.shtml,东风雪铁龙世嘉减震器弹簧断裂,http://www.12365auto.com/zlts/256-845-0-0-0-7_0-0-0-0-0-0-0-1.shtml,前后桥及悬挂系统,http://www.12365auto.com/zlts/256-845-0-0-0-0_204-0-0-0-0-0-0-1.shtml,悬挂故障,,,2020-08-24,信息审核
513284,上汽大众,Polo,2016款 1.4L 自动 风尚型,http://www.12365auto.com/zlts/20200824/513284.shtml,上汽大众Polo经销商售后不退还储值卡余额,,,http://www.12365auto.com/zlts/140-1131-0-0-0-0_0-1-0-0-0-0-0-1.shtml,服务态度,http://www.12365auto.com/zlts/140-1131-0-0-0-0_0-4-0-0-0-0-0-1.shtml,承诺不兑现,2020-08-24,信息审核
513282,奇瑞汽车,瑞虎7,2020款 1.5T CVT 豪华型,http://www.12365auto.com/zlts/20200824/513282.shtml,奇瑞瑞虎7左尾灯灯罩磨损4S店不予解决,http://www.12365auto.com/zlts/219-1973-0-0-0-8_0-0-0-0-0-0-0-1.shtml,车身附件及电器,http://www.12365auto.com/zlts/219-1973-0-0-0-0_220-0-0-0-0-0-0-1.shtml,灯罩裂纹或变形,http://www.12365auto.com/zlts/219-1973-0-0-0-0_0-1-0-0-0-0-0-1.shtml,服务态度,2020-08-24,信息审核
513281,上汽大通,上汽大通MAXUS V80,2019款 2.5T 经典款 AMT 傲运通 长轴 中顶 7座,http://www.12365auto.com/zlts/20200824/513281.shtml,上汽大通MAXUS V80 DPF堵塞行驶中熄火,http://www.12365auto.com/zlts/322-1191-0-0-0-1_0-0-0-0-0-0-0-1.shtml,发动机,http://www.12365auto.com/zlts/322-1191-0-0-0-0_255-0-0-0-0-0-0-1.shtml,动力消失,http://www.12365auto.com/zlts/322-1191-0-0-0-0_114-0-0-0-0-0-0-1.shtml,排气故障,2020-08-24,厂家受理
513278,一汽-大众奥迪,奥迪A4L,2019款 40 TFSI 时尚型 国VI,http://www.12365auto.com/zlts/20200824/513278.shtml,一汽大众奥迪A4L变速箱换挡异响抖动顿挫,http://www.12365auto.com/zlts/114-3-0-0-0-2_0-0-0-0-0-0-0-1.shtml,变速器,http://www.12365auto.com/zlts/114-3-0-0-0-0_33-0-0-0-0-0-0-1.shtml,异响,http://www.12365auto.com/zlts/114-3-0-0-0-0_19-0-0-0-0-0-0-1.shtml,顿挫,2020-08-24,信息审核
513276,一汽-大众,速腾,2018款 280TSI DSG熠动版,http://www.12365auto.com/zlts/20200824/513276.shtml,一汽大众速腾发动机高压泵异响厂家未解决,http://www.12365auto.com/zlts/141-230-0-0-0-1_0-0-0-0-0-0-0-1.shtml,发动机,http://www.12365auto.com/zlts/141-230-0-0-0-0_9-0-0-0-0-0-0-1.shtml,异响,,,2020-08-24,信息审核
513275,广汽丰田,凯美瑞,2019款 2.0G 豪华版 国VI,http://www.12365auto.com/zlts/20200824/513275.shtml,广汽丰田凯美瑞行驶过程中车内有异响,http://www.12365auto.com/zlts/151-296-0-0-0-8_0-0-0-0-0-0-0-1.shtml,车身附件及电器,http://www.12365auto.com/zlts/151-296-0-0-0-0_164-0-0-0-0-0-0-1.shtml,车内异响,,,2020-08-24,信息审核
513267,吉利汽车,帝豪GL,2017款 1.3T 手动 精英型,http://www.12365auto.com/zlts/20200824/513267.shtml,吉利帝豪GL下雨天车门打不开希望处理,http://www.12365auto.com/zlts/172-1974-0-0-0-8_0-0-0-0-0-0-0-1.shtml,车身附件及电器,http://www.12365auto.com/zlts/172-1974-0-0-0-0_79-0-0-0-0-0-0-1.shtml,车身生锈,http://www.12365auto.com/zlts/172-1974-0-0-0-0_149-0-0-0-0-0-0-1.shtml,车门故障,2020-08-24,处理反馈
513259,东风日产,阳光,2015款 1.5XE 手动 大师版,http://www.12365auto.com/zlts/20200824/513259.shtml,东风日产阳光起步时离合器异响要求解决	,http://www.12365auto.com/zlts/225-1061-0-0-0-3_0-0-0-0-0-0-0-1.shtml,离合器,http://www.12365auto.com/zlts/225-1061-0-0-0-0_65-0-0-0-0-0-0-1.shtml,异响,,,2020-08-24,信息审核
513258,吉利汽车,帝豪GL,2017款 1.8L 手动 精英型,http://www.12365auto.com/zlts/20200824/513258.shtml,吉利帝豪GL下雨天车门打不开希望处理,http://www.12365auto.com/zlts/172-1974-0-0-0-8_0-0-0-0-0-0-0-1.shtml,车身附件及电器,http://www.12365auto.com/zlts/172-1974-0-0-0-0_197-0-0-0-0-0-0-1.shtml,中控锁故障,,,2020-08-24,处理反馈
513256,东风雪铁龙,雪铁龙C4L,2014款 1.6THP 自动 智驱版 劲智型,http://www.12365auto.com/zlts/20200824/513256.shtml,东风雪铁龙C4L发动机烧机油 链条异响,http://www.12365auto.com/zlts/256-1226-0-0-0-1_0-0-0-0-0-0-0-1.shtml,发动机,http://www.12365auto.com/zlts/256-1226-0-0-0-0_63-0-0-0-0-0-0-1.shtml,烧机油,http://www.12365auto.com/zlts/256-1226-0-0-0-0_45-0-0-0-0-0-0-1.shtml,正时链条及齿轮故障,2020-08-24,信息审核
513254,一汽丰田,亚洲龙,2019款 2.5L 进取版 国Ⅵ,http://www.12365auto.com/zlts/20200824/513254.shtml,一汽丰田亚洲龙刹车异响 A柱车门异响,http://www.12365auto.com/zlts/150-2468-0-0-0-5_0-0-0-0-0-0-0-1.shtml,制动系统,http://www.12365auto.com/zlts/150-2468-0-0-0-0_43-0-0-0-0-0-0-1.shtml,异响,http://www.12365auto.com/zlts/150-2468-0-0-0-0_15-0-0-0-0-0-0-1.shtml,车身异响,2020-08-24,信息审核
513252,吉利汽车,帝豪GL,2018款 1.8L 自动 精英智联型,http://www.12365auto.com/zlts/20200824/513252.shtml,吉利帝豪GL下雨后无钥匙进入失灵希望解决,http://www.12365auto.com/zlts/172-1974-0-0-0-8_0-0-0-0-0-0-0-1.shtml,车身附件及电器,http://www.12365auto.com/zlts/172-1974-0-0-0-0_197-0-0-0-0-0-0-1.shtml,中控锁故障,,,2020-08-24,处理反馈
513249,吉利汽车,帝豪GL,2017款 1.8L 手动 精英型,http://www.12365auto.com/zlts/20200824/513249.shtml,吉利帝豪GL下雨时副驾驶车门无法打开,http://www.12365auto.com/zlts/172-1974-0-0-0-8_0-0-0-0-0-0-0-1.shtml,车身附件及电器,http://www.12365auto.com/zlts/172-1974-0-0-0-0_197-0-0-0-0-0-0-1.shtml,中控锁故障,,,2020-08-24,处理反馈
513248,东风雪铁龙,雪铁龙C4L,2013款 1.6THP 自动 劲享版,http://www.12365auto.com/zlts/20200824/513248.shtml,东风雪铁龙C4L转向柱松动影响安全,http://www.12365auto.com/zlts/256-1226-0-0-0-4_0-0-0-0-0-0-0-1.shtml,转向系统,http://www.12365auto.com/zlts/256-1226-0-0-0-0_337-0-0-0-0-0-0-1.shtml,方向盘自由间隙过大,http://www.12365auto.com/zlts/256-1226-0-0-0-0_0-1-0-0-0-0-0-1.shtml,服务态度,2020-08-24,厂家受理
513243,上汽大众,朗逸,2019款 280TSI DSG 豪华版 国VI,http://www.12365auto.com/zlts/20200824/513243.shtml,上汽大众朗逸低速行驶中变速箱异响,http://www.12365auto.com/zlts/140-220-0-0-0-2_0-0-0-0-0-0-0-1.shtml,变速器,http://www.12365auto.com/zlts/140-220-0-0-0-0_33-0-0-0-0-0-0-1.shtml,异响,,,2020-08-24,信息审核
513239,众泰汽车,芝麻,2018款 eZ 翼享版,http://www.12365auto.com/zlts/20200824/513239.shtml,众泰芝麻右后刹车分泵损坏漏油影响安全,http://www.12365auto.com/zlts/264-1695-0-0-0-5_0-0-0-0-0-0-0-1.shtml,制动系统,http://www.12365auto.com/zlts/264-1695-0-0-0-0_196-0-0-0-0-0-0-1.shtml,刹车泵故障,http://www.12365auto.com/zlts/264-1695-0-0-0-0_0-6-0-0-0-0-0-1.shtml,配件争议,2020-08-24,信息审核
513238,吉利汽车,帝豪GL,2017款 1.3T 自动 尊贵型,http://www.12365auto.com/zlts/20200824/513238.shtml,吉利帝豪GL下雨天车门打不开希望处理,http://www.12365auto.com/zlts/172-1974-0-0-0-8_0-0-0-0-0-0-0-1.shtml,车身附件及电器,http://www.12365auto.com/zlts/172-1974-0-0-0-0_149-0-0-0-0-0-0-1.shtml,车门故障,,,2020-08-24,处理反馈
513236,一汽-大众奥迪,奥迪A4L,2020款 40 TFSI 豪华动感型,http://www.12365auto.com/zlts/20200824/513236.shtml,一汽大众奥迪A4L车轮异响严重希望处理,http://www.12365auto.com/zlts/114-3-0-0-0-7_0-0-0-0-0-0-0-1.shtml,前后桥及悬挂系统,http://www.12365auto.com/zlts/114-3-0-0-0-0_125-0-0-0-0-0-0-1.shtml,车轮异响,,,2020-08-24,信息审核
513234,吉利汽车,帝豪GL,2017款 1.8L 手动 精英型,http://www.12365auto.com/zlts/20200824/513234.shtml,吉利帝豪GL下雨天车门打不开希望处理,http://www.12365auto.com/zlts/172-1974-0-0-0-8_0-0-0-0-0-0-0-1.shtml,车身附件及电器,http://www.12365auto.com/zlts/172-1974-0-0-0-0_197-0-0-0-0-0-0-1.shtml,中控锁故障,,,2020-08-24,处理反馈
513233,奔驰（进口）,奔驰C级（进口）,2016款 180 旅行轿车,http://www.12365auto.com/zlts/20200824/513233.shtml,进口奔驰C级转向机故障沉重失灵望厂家解决,http://www.12365auto.com/zlts/126-109-0-0-0-4_0-0-0-0-0-0-0-1.shtml,转向系统,http://www.12365auto.com/zlts/126-109-0-0-0-0_156-0-0-0-0-0-0-1.shtml,打方向沉重,http://www.12365auto.com/zlts/126-109-0-0-0-0_57-0-0-0-0-0-0-1.shtml,失灵,2020-08-24,信息审核
513232,广汽本田,凌派,2017款 1.8L CVT 舒适特装版,http://www.12365auto.com/zlts/20200824/513232.shtml,广汽本田凌派风扇电机故障导致无法工作,http://www.12365auto.com/zlts/118-1302-0-0-0-1_0-0-0-0-0-0-0-1.shtml,发动机,http://www.12365auto.com/zlts/118-1302-0-0-0-0_191-0-0-0-0-0-0-1.shtml,冷却系统故障,,,2020-08-24,信息审核
513229,长安汽车,逸动DT,2018款 1.6L 手动 智享型,http://www.12365auto.com/zlts/20200824/513229.shtml,长安逸动DT转向柱生锈希望厂家处理,http://www.12365auto.com/zlts/136-2250-0-0-0-8_0-0-0-0-0-0-0-1.shtml,车身附件及电器,http://www.12365auto.com/zlts/136-2250-0-0-0-0_79-0-0-0-0-0-0-1.shtml,车身生锈,,,2020-08-24,信息审核
513228,众泰汽车,众泰E200,2018款 飞鱼座,http://www.12365auto.com/zlts/20200824/513228.shtml,众泰E200制动总泵损坏充电机损坏厂家无货,http://www.12365auto.com/zlts/264-1908-0-0-0-5_0-0-0-0-0-0-0-1.shtml,制动系统,http://www.12365auto.com/zlts/264-1908-0-0-0-0_29-0-0-0-0-0-0-1.shtml,刹车失灵,http://www.12365auto.com/zlts/264-1908-0-0-0-0_196-0-0-0-0-0-0-1.shtml,刹车泵故障,2020-08-24,信息审核
513227,长安汽车,长安CS55 PLUS,2020款 1.5T 手动 炫色型,http://www.12365auto.com/zlts/20200824/513227.shtml,长安CS55 PLUS行驶过程中发动机和车门异响,http://www.12365auto.com/zlts/136-2734-0-0-0-1_0-0-0-0-0-0-0-1.shtml,发动机,http://www.12365auto.com/zlts/136-2734-0-0-0-0_9-0-0-0-0-0-0-1.shtml,异响,http://www.12365auto.com/zlts/136-2734-0-0-0-0_204-0-0-0-0-0-0-1.shtml,悬挂故障,2020-08-24,信息审核
513218,东风日产,天籁,2013款 2.0L XL 舒适版,http://www.12365auto.com/zlts/20200824/513218.shtml,东风日产天籁车内异味 发动机烧机油,http://www.12365auto.com/zlts/225-690-0-0-0-1_0-0-0-0-0-0-0-1.shtml,发动机,http://www.12365auto.com/zlts/225-690-0-0-0-0_63-0-0-0-0-0-0-1.shtml,烧机油,http://www.12365auto.com/zlts/225-690-0-0-0-0_22-0-0-0-0-0-0-1.shtml,漏油,2020-08-24,信息审核
513216,北京现代,朗动,2016款 1.6L 自动 智能型,http://www.12365auto.com/zlts/20200824/513216.shtml,北京现代朗动中控屏黑屏无法正常使用,http://www.12365auto.com/zlts/254-1125-0-0-0-8_0-0-0-0-0-0-0-1.shtml,车身附件及电器,http://www.12365auto.com/zlts/254-1125-0-0-0-0_134-0-0-0-0-0-0-1.shtml,影音系统故障,,,2020-08-24,信息审核
513214,上汽大众,朗逸,2010款 1.4TSI DSG运动版,http://www.12365auto.com/zlts/20200824/513214.shtml,上汽大众朗逸后排进水更换密封条未解决,http://www.12365auto.com/zlts/140-220-0-0-0-8_0-0-0-0-0-0-0-1.shtml,车身附件及电器,http://www.12365auto.com/zlts/140-220-0-0-0-0_109-0-0-0-0-0-0-1.shtml,车身漏水,,,2020-08-24,信息审核
513212,一汽大众,捷达VS5,2019款 280TSI 自动 荣耀型,http://www.12365auto.com/zlts/20200824/513212.shtml,捷达VS5正常行驶中底盘异响希望得到解决,http://www.12365auto.com/zlts/537-2637-0-0-0-7_0-0-0-0-0-0-0-1.shtml,前后桥及悬挂系统,http://www.12365auto.com/zlts/537-2637-0-0-0-0_56-0-0-0-0-0-0-1.shtml,底盘异响,,,2020-08-24,信息审核
513210,一汽丰田,威驰,2017款 1.3L CVT 锐行版,http://www.12365auto.com/zlts/20200824/513210.shtml,一汽丰田威驰行驶中发动机异响4S店不处理,http://www.12365auto.com/zlts/150-288-0-0-0-1_0-0-0-0-0-0-0-1.shtml,发动机,http://www.12365auto.com/zlts/150-288-0-0-0-0_9-0-0-0-0-0-0-1.shtml,异响,,,2020-08-24,信息审核
513208,长安马自达,马自达3 昂克赛拉,2019款 云控版 两厢 1.5L 自动 豪华型 国V,http://www.12365auto.com/zlts/20200824/513208.shtml,长安马自达昂克赛拉汽油泵故障行驶中熄火,http://www.12365auto.com/zlts/208-1470-0-0-0-8_0-0-0-0-0-0-0-1.shtml,车身附件及电器,http://www.12365auto.com/zlts/208-1470-0-0-0-0_78-0-0-0-0-0-0-1.shtml,汽油泵故障,,,2020-08-24,信息审核
513206,东风本田,本田CR-V,2019款 锐·混动 2.0L 四驱 净享版 国V,http://www.12365auto.com/zlts/20200824/513206.shtml,东风本田CR-V行驶中ACC感应失灵,http://www.12365auto.com/zlts/119-33-0-0-0-8_0-0-0-0-0-0-0-1.shtml,车身附件及电器,http://www.12365auto.com/zlts/119-33-0-0-0-0_170-0-0-0-0-0-0-1.shtml,行车安全辅助系统故障,,,2020-08-24,信息审核
513202,东风本田,本田CR-V,2019款 耀目版 240TURBO CVT 两驱 舒适版 国VI,http://www.12365auto.com/zlts/20200824/513202.shtml,东风本田CR-V轮胎吃胎偏磨要求解决,http://www.12365auto.com/zlts/119-33-0-0-0-7_0-0-0-0-0-0-0-1.shtml,前后桥及悬挂系统,http://www.12365auto.com/zlts/119-33-0-0-0-0_245-0-0-0-0-0-0-1.shtml,吃胎偏磨,,,2020-08-24,信息审核
513190,一汽-大众,速腾,2018款 280TSI 双离合 舒适型,http://www.12365auto.com/zlts/20200824/513190.shtml,一汽大众速腾踩油门加速变速箱有异响,http://www.12365auto.com/zlts/141-230-0-0-0-2_0-0-0-0-0-0-0-1.shtml,变速器,http://www.12365auto.com/zlts/141-230-0-0-0-0_33-0-0-0-0-0-0-1.shtml,异响,,,2020-08-24,信息审核
513181,广汽丰田,凯美瑞,2018款 2.5HG E-CVT 豪华版,http://www.12365auto.com/zlts/20200824/513181.shtml,广汽丰田凯美瑞普利司通轮胎凹槽开裂,http://www.12365auto.com/zlts/151-296-0-0-0-6_0-0-0-0-0-0-0-1.shtml,轮胎,http://www.12365auto.com/zlts/151-296-0-0-0-0_100-0-0-0-0-0-0-1.shtml,开裂,,,2020-08-24,信息审核
513180,奥迪（进口）,奥迪S3,2015款 2.0T Limousine,http://www.12365auto.com/zlts/20200824/513180.shtml,进口奥迪S3变速箱报警 发动机漏防冻液,http://www.12365auto.com/zlts/115-1484-0-0-0-1_0-0-0-0-0-0-0-1.shtml,发动机,http://www.12365auto.com/zlts/115-1484-0-0-0-0_37-0-0-0-0-0-0-1.shtml,漏防冻液,http://www.12365auto.com/zlts/115-1484-0-0-0-0_96-0-0-0-0-0-0-1.shtml,故障灯亮,2020-08-24,信息审核
513178,吉利汽车,帝豪GL,2019款 1.4T CVT 尊贵智享版,http://www.12365auto.com/zlts/20200824/513178.shtml,吉利帝豪GL发动机和变速箱故障灯多次报警,http://www.12365auto.com/zlts/172-1974-0-0-0-1_0-0-0-0-0-0-0-1.shtml,发动机,http://www.12365auto.com/zlts/172-1974-0-0-0-0_34-0-0-0-0-0-0-1.shtml,故障灯亮,http://www.12365auto.com/zlts/172-1974-0-0-0-0_96-0-0-0-0-0-0-1.shtml,故障灯亮,2020-08-24,处理反馈
513174,众泰汽车,大迈X7,2017款 1.5T 手动 豪华型,http://www.12365auto.com/zlts/20200824/513174.shtml,离合器异响,http://www.12365auto.com/zlts/264-2033-0-0-0-3_0-0-0-0-0-0-0-1.shtml,离合器,,,,,2020-08-24,信息审核
513173,上汽斯柯达,速派,2013款 1.4T DSG 绅仕版,http://www.12365auto.com/zlts/20200824/513173.shtml,斯柯达速派发动机烧机油 故障灯亮,http://www.12365auto.com/zlts/232-1299-0-0-0-1_0-0-0-0-0-0-0-1.shtml,发动机,http://www.12365auto.com/zlts/232-1299-0-0-0-0_34-0-0-0-0-0-0-1.shtml,故障灯亮,http://www.12365auto.com/zlts/232-1299-0-0-0-0_63-0-0-0-0-0-0-1.shtml,烧机油,2020-08-24,信息审核
513171,一汽-大众,宝来,2020款 1.5L 自动 舒适型,http://www.12365auto.com/zlts/20200824/513171.shtml,一汽大众宝来引擎盖车漆开裂4S店否认问题,http://www.12365auto.com/zlts/141-232-0-0-0-8_0-0-0-0-0-0-0-1.shtml,车身附件及电器,http://www.12365auto.com/zlts/141-232-0-0-0-0_81-0-0-0-0-0-0-1.shtml,漆面起泡开裂,,,2020-08-24,处理反馈
513169,北京现代,领动,2016款 1.6L 自动 智炫·精英型,http://www.12365auto.com/zlts/20200824/513169.shtml,北京现代领动空调面板开裂希望尽快处理,http://www.12365auto.com/zlts/254-1890-0-0-0-8_0-0-0-0-0-0-0-1.shtml,车身附件及电器,http://www.12365auto.com/zlts/254-1890-0-0-0-0_168-0-0-0-0-0-0-1.shtml,部件开裂,,,2020-08-24,信息审核
513167,BEIJING汽车,绅宝D70,2018款 性能版 1.8T 舒适版,http://www.12365auto.com/zlts/20200824/513167.shtml,北汽绅宝D70发动机抖动 熄火 碳罐进油,http://www.12365auto.com/zlts/374-1344-0-0-0-1_0-0-0-0-0-0-0-1.shtml,发动机,http://www.12365auto.com/zlts/374-1344-0-0-0-0_24-0-0-0-0-0-0-1.shtml,抖动,http://www.12365auto.com/zlts/374-1344-0-0-0-0_14-0-0-0-0-0-0-1.shtml,熄火,2020-08-24,信息审核
513162,广汽丰田,凯美瑞,2019款 2.5G 豪华版 国VI,http://www.12365auto.com/zlts/20200824/513162.shtml,广汽丰田凯美瑞副驾驶车门生锈希望处理,http://www.12365auto.com/zlts/151-296-0-0-0-8_0-0-0-0-0-0-0-1.shtml,车身附件及电器,http://www.12365auto.com/zlts/151-296-0-0-0-0_79-0-0-0-0-0-0-1.shtml,车身生锈,,,2020-08-24,信息审核
513159,上汽大众,途观L,2019款 380TSI 自动 四驱 智动豪华版 国VI,http://www.12365auto.com/zlts/20200824/513159.shtml,上汽大众途观L主驾驶座椅异响维修未解决	,http://www.12365auto.com/zlts/140-2014-0-0-0-8_0-0-0-0-0-0-0-1.shtml,车身附件及电器,http://www.12365auto.com/zlts/140-2014-0-0-0-0_169-0-0-0-0-0-0-1.shtml,座椅故障,,,2020-08-24,信息审核
513156,一汽-大众奥迪,奥迪A4L,2017款 2.0T 双离合 运动型 Plus,http://www.12365auto.com/zlts/20200824/513156.shtml,一汽大众奥迪A4L右前大灯内有雪花状裂纹,http://www.12365auto.com/zlts/114-3-0-0-0-8_0-0-0-0-0-0-0-1.shtml,车身附件及电器,http://www.12365auto.com/zlts/114-3-0-0-0-0_220-0-0-0-0-0-0-1.shtml,灯罩裂纹或变形,,,2020-08-24,信息审核
513152,上汽大众,途观,2017款 300TSI 自动 两驱 丝绸之路舒适版,http://www.12365auto.com/zlts/20200824/513152.shtml,上汽大众途观发动机转速高车速却很低,http://www.12365auto.com/zlts/140-219-0-0-0-2_0-0-0-0-0-0-0-1.shtml,变速器,http://www.12365auto.com/zlts/140-219-0-0-0-0_20-0-0-0-0-0-0-1.shtml,无法换挡,,,2020-08-24,信息审核
513150,一汽丰田,奕泽IZOA,2020款 2.0L 奕驰版,http://www.12365auto.com/zlts/20200824/513150.shtml,一汽丰田奕泽旧车置换补贴不兑现,,,http://www.12365auto.com/zlts/150-2316-0-0-0-0_0-4-0-0-0-0-0-1.shtml,承诺不兑现,,,2020-08-24,信息审核
513127,吉利汽车,帝豪GL,2017款 1.3T 手动 精英型,http://www.12365auto.com/zlts/20200824/513127.shtml,吉利帝豪GL副驾驶座椅缝线开裂海绵漏出,http://www.12365auto.com/zlts/172-1974-0-0-0-8_0-0-0-0-0-0-0-1.shtml,车身附件及电器,http://www.12365auto.com/zlts/172-1974-0-0-0-0_168-0-0-0-0-0-0-1.shtml,部件开裂,,,2020-08-24,处理反馈
513123,广汽本田,飞度,2014款 1.5L CVT LX舒适型,http://www.12365auto.com/zlts/20200824/513123.shtml,广汽本田飞度变速箱漏油希望尽快解决,http://www.12365auto.com/zlts/118-30-0-0-0-2_0-0-0-0-0-0-0-1.shtml,变速器,http://www.12365auto.com/zlts/118-30-0-0-0-0_22-0-0-0-0-0-0-1.shtml,漏油,,,2020-08-24,信息审核
513120,奇瑞汽车,瑞虎5x,2019款 1.5L CVT 智享版,http://www.12365auto.com/zlts/20200824/513120.shtml,瑞虎5x变速箱上坡时无法加速望厂家解决,http://www.12365auto.com/zlts/219-2154-0-0-0-2_0-0-0-0-0-0-0-1.shtml,变速器,http://www.12365auto.com/zlts/219-2154-0-0-0-0_334-0-0-0-0-0-0-1.shtml,无法加速,,,2020-08-24,厂家受理
513118,领克汽车,领克01,2017款 2.0T 自动 两驱 型 Pro,http://www.12365auto.com/zlts/20200824/513118.shtml,领克01车辆在拖车过程中疑似进水,,,http://www.12365auto.com/zlts/467-2212-0-0-0-0_0-2-0-0-0-0-0-1.shtml,人员技术,,,2020-08-24,处理反馈
513117,众泰汽车,众泰E200,2018款 Pro,http://www.12365auto.com/zlts/20200824/513117.shtml,众泰E200动力电池经常断开无法行驶,http://www.12365auto.com/zlts/264-1908-0-0-0-8_0-0-0-0-0-0-0-1.shtml,车身附件及电器,http://www.12365auto.com/zlts/264-1908-0-0-0-0_343-0-0-0-0-0-0-1.shtml,动力电池故障,,,2020-08-24,信息审核
513116,广汽丰田,雷凌,2017款 1.2T G CVT 精英版,http://www.12365auto.com/zlts/20200824/513116.shtml,广汽丰田雷凌变速箱漏油质保期内未告知,http://www.12365auto.com/zlts/151-1469-0-0-0-2_0-0-0-0-0-0-0-1.shtml,变速器,http://www.12365auto.com/zlts/151-1469-0-0-0-0_22-0-0-0-0-0-0-1.shtml,漏油,,,2020-08-24,信息审核
513115,一汽-大众,探岳,2019款 征途版 280TSI 两驱 豪华型 国Ⅵ,http://www.12365auto.com/zlts/20200824/513115.shtml,一汽大众探岳大灯透镜白雾影响夜间照明安全,http://www.12365auto.com/zlts/141-2395-0-0-0-8_0-0-0-0-0-0-0-1.shtml,车身附件及电器,http://www.12365auto.com/zlts/141-2395-0-0-0-0_82-0-0-0-0-0-0-1.shtml,车灯不亮,,,2020-08-24,处理反馈
513113,北京现代,领动,2016款 1.6L 自动 智炫·精英型,http://www.12365auto.com/zlts/20200823/513113.shtml,北京现代领动4S店维修后门锁故障,http://www.12365auto.com/zlts/254-1890-0-0-0-8_0-0-0-0-0-0-0-1.shtml,车身附件及电器,http://www.12365auto.com/zlts/254-1890-0-0-0-0_197-0-0-0-0-0-0-1.shtml,中控锁故障,http://www.12365auto.com/zlts/254-1890-0-0-0-0_0-2-0-0-0-0-0-1.shtml,人员技术,2020-08-23,信息审核
513100,SWM斯威汽车,SWM斯威G01,2019款 1.5T 手动 智UP 国V,http://www.12365auto.com/zlts/20200823/513100.shtml,斯威G10车辆购买前重新做过漆要求解决,,,http://www.12365auto.com/zlts/443-2358-0-0-0-0_0-5-0-0-0-0-0-1.shtml,销售欺诈,,,2020-08-23,信息审核
513098,北京奔驰,奔驰C级,2015款 200 L,http://www.12365auto.com/zlts/20200823/513098.shtml,北京奔驰C级发动机进气凸轮轴移位,http://www.12365auto.com/zlts/127-114-0-0-0-1_0-0-0-0-0-0-0-1.shtml,发动机,http://www.12365auto.com/zlts/127-114-0-0-0-0_34-0-0-0-0-0-0-1.shtml,故障灯亮,,,2020-08-23,信息审核
513096,上汽斯柯达,昊锐,2009款 1.8TSI 自动 贵雅版,http://www.12365auto.com/zlts/20200823/513096.shtml,斯柯达昊锐车内刺鼻异味严重无法解决,http://www.12365auto.com/zlts/232-739-0-0-0-8_0-0-0-0-0-0-0-1.shtml,车身附件及电器,http://www.12365auto.com/zlts/232-739-0-0-0-0_185-0-0-0-0-0-0-1.shtml,车内异味,,,2020-08-23,信息审核
513095,上汽大众,朗逸,2019款 280TSI DSG 舒适版 国VI,http://www.12365auto.com/zlts/20200823/513095.shtml,上汽大众朗逸变速箱异响希望尽快解决,http://www.12365auto.com/zlts/140-220-0-0-0-2_0-0-0-0-0-0-0-1.shtml,变速器,http://www.12365auto.com/zlts/140-220-0-0-0-0_33-0-0-0-0-0-0-1.shtml,异响,,,2020-08-23,信息审核
513093,一汽-大众奥迪,奥迪A6L,2020款 40 TFSI 豪华动感型,http://www.12365auto.com/zlts/20200823/513093.shtml,一汽大众奥迪A6L低速行驶变速箱抖动异响,http://www.12365auto.com/zlts/114-1-0-0-0-2_0-0-0-0-0-0-0-1.shtml,变速器,http://www.12365auto.com/zlts/114-1-0-0-0-0_33-0-0-0-0-0-0-1.shtml,异响,http://www.12365auto.com/zlts/114-1-0-0-0-0_95-0-0-0-0-0-0-1.shtml,抖动,2020-08-23,信息审核
513089,一汽-大众奥迪,奥迪A6L,2020款 45 TFSI 臻选动感型,http://www.12365auto.com/zlts/20200823/513089.shtml,一汽大众奥迪A6L变速箱异响4S店无法解决,http://www.12365auto.com/zlts/114-1-0-0-0-2_0-0-0-0-0-0-0-1.shtml,变速器,http://www.12365auto.com/zlts/114-1-0-0-0-0_33-0-0-0-0-0-0-1.shtml,异响,http://www.12365auto.com/zlts/114-1-0-0-0-0_95-0-0-0-0-0-0-1.shtml,抖动,2020-08-23,信息审核
513086,东风本田,思铂睿,2013款 2.4L 自动 TYPE-S,http://www.12365auto.com/zlts/20200823/513086.shtml,东风本田思铂睿行驶中转向沉重要求解决,http://www.12365auto.com/zlts/119-35-0-0-0-4_0-0-0-0-0-0-0-1.shtml,转向系统,http://www.12365auto.com/zlts/119-35-0-0-0-0_156-0-0-0-0-0-0-1.shtml,打方向沉重,http://www.12365auto.com/zlts/119-35-0-0-0-0_291-0-0-0-0-0-0-1.shtml,故障灯亮,2020-08-23,信息审核
513085,广汽本田,雅阁,2016款 2.0L CVT 精英版,http://www.12365auto.com/zlts/20200823/513085.shtml,广汽本田雅阁右侧日间行车灯不亮要求解决,http://www.12365auto.com/zlts/118-28-0-0-0-8_0-0-0-0-0-0-0-1.shtml,车身附件及电器,http://www.12365auto.com/zlts/118-28-0-0-0-0_82-0-0-0-0-0-0-1.shtml,车灯不亮,,,2020-08-23,处理反馈
513078,一汽-大众,T-ROC探歌,2018款 280TSI DSG 两驱 舒适型 国V,http://www.12365auto.com/zlts/20200823/513078.shtml,一汽大众T-ROC探歌大灯亮度不足要求处理,http://www.12365auto.com/zlts/141-2347-0-0-0-8_0-0-0-0-0-0-0-1.shtml,车身附件及电器,http://www.12365auto.com/zlts/141-2347-0-0-0-0_82-0-0-0-0-0-0-1.shtml,车灯不亮,,,2020-08-23,处理反馈
513077,一汽-大众,速腾,2015款 1.6L  自动 舒适型,http://www.12365auto.com/zlts/20200823/513077.shtml,一汽大众速腾轮速传感器多次报警要求解决,http://www.12365auto.com/zlts/141-230-0-0-0-5_0-0-0-0-0-0-0-1.shtml,制动系统,http://www.12365auto.com/zlts/141-230-0-0-0-0_62-0-0-0-0-0-0-1.shtml,故障灯亮,http://www.12365auto.com/zlts/141-230-0-0-0-0_0-6-0-0-0-0-0-1.shtml,配件争议,2020-08-23,处理反馈
513076,一汽-大众奥迪,奥迪A4L,2019款 40 TFSI 时尚型 国V,http://www.12365auto.com/zlts/20200823/513076.shtml,一汽大众奥迪A4L车身镀铬亮条氧化严重,http://www.12365auto.com/zlts/114-3-0-0-0-8_0-0-0-0-0-0-0-1.shtml,车身附件及电器,http://www.12365auto.com/zlts/114-3-0-0-0-0_81-0-0-0-0-0-0-1.shtml,漆面起泡开裂,,,2020-08-23,信息审核
513075,奇瑞汽车,捷途X70,2018款 1.5T 手动 畅行版,http://www.12365auto.com/zlts/20200823/513075.shtml,捷途X70经销商承诺免费保养不兑现,,,http://www.12365auto.com/zlts/512-2362-0-0-0-0_0-4-0-0-0-0-0-1.shtml,承诺不兑现,,,2020-08-23,处理反馈
513068,上汽大众,途安,2018款 途安L 280TSI 自动 豪华版 7座,http://www.12365auto.com/zlts/20200823/513068.shtml,上汽大众途安左侧A柱三角窗处传出异响,http://www.12365auto.com/zlts/140-224-0-0-0-8_0-0-0-0-0-0-0-1.shtml,车身附件及电器,http://www.12365auto.com/zlts/140-224-0-0-0-0_164-0-0-0-0-0-0-1.shtml,车内异响,http://www.12365auto.com/zlts/140-224-0-0-0-0_0-1-0-0-0-0-0-1.shtml,服务态度,2020-08-23,信息审核
513065,奇瑞汽车,瑞虎7,2020款 1.6T DCT 型 PRO,http://www.12365auto.com/zlts/20200823/513065.shtml,奇瑞瑞虎7底盘多处生锈4S店修出新故障,http://www.12365auto.com/zlts/219-1973-0-0-0-8_0-0-0-0-0-0-0-1.shtml,车身附件及电器,http://www.12365auto.com/zlts/219-1973-0-0-0-0_79-0-0-0-0-0-0-1.shtml,车身生锈,http://www.12365auto.com/zlts/219-1973-0-0-0-0_0-2-0-0-0-0-0-1.shtml,人员技术,2020-08-23,处理反馈
513061,广汽丰田,凯美瑞,2008款 240G 2.4 自动 豪华版,http://www.12365auto.com/zlts/20200823/513061.shtml,广汽丰田凯美瑞仪表台出油反光影响驾驶安全,http://www.12365auto.com/zlts/151-296-0-0-0-8_0-0-0-0-0-0-0-1.shtml,车身附件及电器,http://www.12365auto.com/zlts/151-296-0-0-0-0_176-0-0-0-0-0-0-1.shtml,仪表台开裂,,,2020-08-23,信息审核
513060,BEIJING汽车,绅宝D50,2014款 1.5L 手动 精英版,http://www.12365auto.com/zlts/20200823/513060.shtml,绅宝D50安全气囊故障灯亮无法消除,http://www.12365auto.com/zlts/374-1450-0-0-0-8_0-0-0-0-0-0-0-1.shtml,车身附件及电器,http://www.12365auto.com/zlts/374-1450-0-0-0-0_103-0-0-0-0-0-0-1.shtml,气囊故障,,,2020-08-23,信息审核
513058,一汽-大众,探岳,2020款 330TSI 两驱 豪华智联版,http://www.12365auto.com/zlts/20200823/513058.shtml,一汽大众探岳刹车失灵 大灯亮度过低,http://www.12365auto.com/zlts/141-2395-0-0-0-5_0-0-0-0-0-0-0-1.shtml,制动系统,http://www.12365auto.com/zlts/141-2395-0-0-0-0_29-0-0-0-0-0-0-1.shtml,刹车失灵,http://www.12365auto.com/zlts/141-2395-0-0-0-0_82-0-0-0-0-0-0-1.shtml,车灯不亮,2020-08-23,处理反馈
513052,华晨宝马,宝马X1,2015款 xDrive20i 时尚型,http://www.12365auto.com/zlts/20200823/513052.shtml,华晨宝马X1转向时失去助力故障灯亮,http://www.12365auto.com/zlts/125-1121-0-0-0-4_0-0-0-0-0-0-0-1.shtml,转向系统,http://www.12365auto.com/zlts/125-1121-0-0-0-0_156-0-0-0-0-0-0-1.shtml,打方向沉重,http://www.12365auto.com/zlts/125-1121-0-0-0-0_291-0-0-0-0-0-0-1.shtml,故障灯亮,2020-08-23,信息审核
513049,江铃福特,全顺,2017款 2.0T 多功能商用车 短轴 低顶 国V 柴油,http://www.12365auto.com/zlts/20200823/513049.shtml,江铃福特全顺三元催化器堵塞导致故障灯亮,http://www.12365auto.com/zlts/155-1975-0-0-0-1_0-0-0-0-0-0-0-1.shtml,发动机,http://www.12365auto.com/zlts/155-1975-0-0-0-0_34-0-0-0-0-0-0-1.shtml,故障灯亮,http://www.12365auto.com/zlts/155-1975-0-0-0-0_54-0-0-0-0-0-0-1.shtml,三元催化器故障,2020-08-23,信息审核
513043,广汽本田,飞度,2018款 1.5L CVT 舒适天窗版,http://www.12365auto.com/zlts/20200823/513043.shtml,广汽本田飞度热车时发动机无法启动故障灯亮,http://www.12365auto.com/zlts/118-30-0-0-0-1_0-0-0-0-0-0-0-1.shtml,发动机,http://www.12365auto.com/zlts/118-30-0-0-0-0_34-0-0-0-0-0-0-1.shtml,故障灯亮,http://www.12365auto.com/zlts/118-30-0-0-0-0_44-0-0-0-0-0-0-1.shtml,无法启动,2020-08-23,处理反馈
513041,一汽-大众,迈腾,2020款 330TSI DSG 豪华型,http://www.12365auto.com/zlts/20200823/513041.shtml,一起大众迈腾新车机油泄漏4S店出售问题车,,,http://www.12365auto.com/zlts/141-235-0-0-0-0_0-5-0-0-0-0-0-1.shtml,销售欺诈,,,2020-08-23,处理反馈
513030,广汽丰田,YARiS L 致炫,2016款 1.5E CVT 魅动版 改款,http://www.12365auto.com/zlts/20200823/513030.shtml,广汽丰田致炫原装韩泰轮胎出现裂纹,http://www.12365auto.com/zlts/151-1304-0-0-0-6_0-0-0-0-0-0-0-1.shtml,轮胎,http://www.12365auto.com/zlts/151-1304-0-0-0-0_100-0-0-0-0-0-0-1.shtml,开裂,,,2020-08-23,信息审核
513020,一汽-大众,高尔夫,2016款 1.6L  自动 舒适型,http://www.12365auto.com/zlts/20200823/513020.shtml,一汽大众高尔夫换挡机构故障导致故障灯亮,http://www.12365auto.com/zlts/141-234-0-0-0-2_0-0-0-0-0-0-0-1.shtml,变速器,http://www.12365auto.com/zlts/141-234-0-0-0-0_96-0-0-0-0-0-0-1.shtml,故障灯亮,http://www.12365auto.com/zlts/141-234-0-0-0-0_184-0-0-0-0-0-0-1.shtml,挡把总成故障,2020-08-23,处理反馈
513019,东风雪铁龙,C4世嘉,2016款 1.6L 手动 豪华型,http://www.12365auto.com/zlts/20200823/513019.shtml,东风雪铁龙C4世嘉方向盘晃动要求更换,http://www.12365auto.com/zlts/256-1770-0-0-0-4_0-0-0-0-0-0-0-1.shtml,转向系统,http://www.12365auto.com/zlts/256-1770-0-0-0-0_80-0-0-0-0-0-0-1.shtml,抖动,,,2020-08-23,处理反馈
513018,广汽丰田,雷凌,2014款 1.6G CVT 精英版,http://www.12365auto.com/zlts/20200823/513018.shtml,广汽丰田雷凌变速箱漏油 后减震器漏油,http://www.12365auto.com/zlts/151-1469-0-0-0-2_0-0-0-0-0-0-0-1.shtml,变速器,http://www.12365auto.com/zlts/151-1469-0-0-0-0_22-0-0-0-0-0-0-1.shtml,漏油,http://www.12365auto.com/zlts/151-1469-0-0-0-0_25-0-0-0-0-0-0-1.shtml,减震器漏油,2020-08-23,信息审核
513017,广汽本田,凌派,2019款 180Turbo CVT 豪华版 国VI,http://www.12365auto.com/zlts/20200823/513017.shtml,广汽本田凌派行驶中涡轮增压器故障无法加速,http://www.12365auto.com/zlts/118-1302-0-0-0-1_0-0-0-0-0-0-0-1.shtml,发动机,http://www.12365auto.com/zlts/118-1302-0-0-0-0_189-0-0-0-0-0-0-1.shtml,涡轮增压器故障,,,2020-08-23,处理反馈
513016,比亚迪,比亚迪F0,2009款 1.0 手动 舒适型,http://www.12365auto.com/zlts/20200823/513016.shtml,比亚迪F0底盘锈蚀严重希望尽快处理,http://www.12365auto.com/zlts/123-55-0-0-0-8_0-0-0-0-0-0-0-1.shtml,车身附件及电器,http://www.12365auto.com/zlts/123-55-0-0-0-0_79-0-0-0-0-0-0-1.shtml,车身生锈,,,2020-08-23,处理反馈
513012,奇瑞汽车,瑞虎3x,2017款 1.5L 手动 时尚版,http://www.12365auto.com/zlts/20200823/513012.shtml,奇瑞瑞虎3x前风挡玻璃无故开裂希望处理,http://www.12365auto.com/zlts/219-1996-0-0-0-8_0-0-0-0-0-0-0-1.shtml,车身附件及电器,http://www.12365auto.com/zlts/219-1996-0-0-0-0_113-0-0-0-0-0-0-1.shtml,玻璃开裂,,,2020-08-23,处理反馈
513011,广汽乘用车,传祺GA8,2017款 280T 尊享版,http://www.12365auto.com/zlts/20200823/513011.shtml,广汽传祺GA8水管破损渗漏防冻液希望处理,http://www.12365auto.com/zlts/163-1900-0-0-0-1_0-0-0-0-0-0-0-1.shtml,发动机,http://www.12365auto.com/zlts/163-1900-0-0-0-0_37-0-0-0-0-0-0-1.shtml,漏防冻液,http://www.12365auto.com/zlts/163-1900-0-0-0-0_168-0-0-0-0-0-0-1.shtml,部件开裂,2020-08-23,处理反馈
513008,江淮汽车,瑞风S5,2014款 2.0L 手动 尊贵版,http://www.12365auto.com/zlts/20200823/513008.shtml,江淮瑞风S5发动机掉落厂家不处理,http://www.12365auto.com/zlts/176-1242-0-0-0-1_0-0-0-0-0-0-0-1.shtml,发动机,http://www.12365auto.com/zlts/176-1242-0-0-0-0_241-0-0-0-0-0-0-1.shtml,发动机下沉,,,2020-08-23,处理反馈
513004,长城汽车,炮,2019款 2.0T 自动 两驱 舒适版 汽油 GW4C20B,http://www.12365auto.com/zlts/20200823/513004.shtml,长城炮车联网功能无法使用希望尽快处理,http://www.12365auto.com/zlts/137-2641-0-0-0-8_0-0-0-0-0-0-0-1.shtml,车身附件及电器,http://www.12365auto.com/zlts/137-2641-0-0-0-0_155-0-0-0-0-0-0-1.shtml,车载互联故障,,,2020-08-23,信息审核
513002,一汽-大众,探岳,2019款 330TSI 两驱 豪华型Plus 国VI,http://www.12365auto.com/zlts/20200823/513002.shtml,一汽大众探岳变速箱异响无法加速,http://www.12365auto.com/zlts/141-2395-0-0-0-2_0-0-0-0-0-0-0-1.shtml,变速器,http://www.12365auto.com/zlts/141-2395-0-0-0-0_33-0-0-0-0-0-0-1.shtml,异响,http://www.12365auto.com/zlts/141-2395-0-0-0-0_334-0-0-0-0-0-0-1.shtml,无法加速,2020-08-23,处理反馈